日本,2
各地,1
町,3
工場,5
音,2
フィールド,1
機械,4
映像,2
楽曲,1
ミュージックビデオ,1
音楽,2
レーベル,2
バネ,1
ネジ,1
多く,1
ミュージシャン,1
コラボレーション,1
アナログ,1
クラブ,1
ミュージック,1
年,1
月,1
作品,1
響き,1
油,1
動き,1
リズム,1
きっかけ,1
グローバル,1
国内,2
産業,1
魅力,2
一助,1
ウェブサイト,1
技術,1
最先端,1
製品,1
プラットフォーム,1
日本,2
各地,1
町,3
工場,5
音,2
フィールド,1
機械,4
映像,2
楽曲,1
ミュージックビデオ,1
音楽,2
レーベル,2
バネ,1
ネジ,1
多く,1
ミュージシャン,1
コラボレーション,1
アナログ,1
クラブ,1
ミュージック,1
年,1
月,1
作品,1
響き,1
油,1
動き,1
リズム,1
きっかけ,1
グローバル,1
国内,2
産業,1
魅力,2
一助,1
ウェブサイト,1
技術,1
最先端,1
製品,1
プラットフォーム,1
日本,2
各地,1
町,3
工場,5
音,2
フィールド,1
機械,4
映像,2
楽曲,1
ミュージックビデオ,1
音楽,2
レーベル,2
バネ,1
ネジ,1
多く,1
ミュージシャン,1
コラボレーション,1
アナログ,1
クラブ,1
ミュージック,1
年,1
月,1
作品,1
響き,1
油,1
動き,1
リズム,1
きっかけ,1
グローバル,1
国内,2
産業,1
魅力,2
一助,1
ウェブサイト,1
技術,1
最先端,1
製品,1
プラットフォーム,1
日本,2
各地,1
町,3
工場,5
音,2
フィールド,1
機械,4
映像,2
楽曲,1
ミュージックビデオ,1
音楽,2
レーベル,2
バネ,1
ネジ,1
多く,1
ミュージシャン,1
コラボレーション,1
アナログ,1
クラブ,1
ミュージック,1
年,1
月,1
作品,1
響き,1
油,1
動き,1
リズム,1
きっかけ,1
グローバル,1
国内,2
産業,1
魅力,2
一助,1
ウェブサイト,1
技術,1
最先端,1
製品,1
プラットフォーム,1
