Canvas,3,
Animation,1,
アニメーション,3,
Matter.js,3,
物理演算,3,
Vue.js,3,
Physics Engine,2,
Eperiment,1,
Firebase,3,
Database,1,
Eperiment1,1,https://github.com/mitsuyacider/matter-js-test
WebView,1,
iOS,2,
Eperiment2,1,https://github.com/mitsuyacider/CarouselMotion
Eperiment3,1,https://github.com/mitsuyacider/vertical-text
Swift,1,
JavaScript,2,
連携,1,
Python,2,
WordCloud,2,
Text Mining,3,https://github.com/mitsuyacider/ExtractSentence
janome,1,
形態素解析,2,
Morphological ",3,
テキスト,1,
マイニング,1,
文化庁,1,
メディア芸術祭,1,
LIT,1,https://vimeo.com/99097218
analysis,1,