VR,4,
Unity,4,
Event,1,
Streaming,2,
Live,1,
Underground,2,
地下,1,
DJ / VJ,1,
ストリーミング,1,
Ogaki,1,
大垣,1,
ハコスコ,1,https://hacosco.com/
バーチャルリアリティ,1,
iOS,1,
Android,1,
C#,1,
Apple Store,2,https://itunes.apple.com/jp/app/club-360/id1163580739?mt=8
website,1,http://club360.info/en/
RICOH THETA,1,https://theta360.com/ja/
360° Camera,1,
Google Play Store,2,https://play.google.com/store/apps/details?id=com.goccojapan.club360
エンタメ,1,
Entertainment,1,
Easy Movie Texture,1,https://assetstore.unity.com/packages/tools/video/easy-movie-texture-video-texture-10032